c_number,type,address,code,exp_date,name
5108759535275070,mastercard,1 Heath Circle,232,2027-12,Todd Gunther
5108759663399700,mastercard,104 Macpherson Point,787,2028-02,Fianna Wallwork
5048375417309770,mastercard,6444 Quincy Road,365,2027-09,Arlena Tackle
5108755453797370,mastercard,98 Beilfuss Drive,1794,2028-01,Tresa Knoller
5108757315185180,mastercard,79 Duke Parkway,7393,2025-07,Merrick Skingley
5108751301174790,mastercard,54 Mesta Court,801,2025-08,Normy Gorman
5108752973908870,mastercard,730 Veith Street,5729,2027-08,Lula Pettipher
5108756547145420,mastercard,99 Sheridan Center,7527,2027-07,Myrtice Esley
5048374993665730,mastercard,399 Chive Hill,8852,2026-08,Benoit Plank
5048376421732050,mastercard,3 Monument Trail,152,2024-09,Dulcy Foster-Smith
5108755945454800,mastercard,16744 Kinsman Park,278,2027-12,Malva Delamere
5048378690132140,mastercard,9 Rutledge Trail,2110,2025-02,Yul Le Marchand
5048376134435860,mastercard,8 Dakota Point,5,2024-09,Yves Hazlewood
5108756078062970,mastercard,0 Cottonwood Street,9,2028-04,Odilia McIntosh
5108750742746440,mastercard,01934 Sugar Alley,9109,2026-08,Mora Ekless
5048375190892250,mastercard,3 Thierer Road,796,2025-11,Alisa Rodman
5048376232876950,mastercard,1 Goodland Junction,81,2028-05,Tatum Obington
5108755166632390,mastercard,3 Namekagon Junction,777,2024-11,Alyse Greensite
5108751205126230,mastercard,4 Namekagon Point,54,2026-07,Bartlet Ardley
5108756849212540,mastercard,75287 Paget Parkway,103,2026-02,Mathew Lauks
5048371962107430,mastercard,3396 Lakeland Drive,579,2024-11,Brandie Challender
5048377582175520,mastercard,38 Rutledge Point,8073,2027-06,Antonina Dabernott
5108755489552590,mastercard,00 Lillian Way,3868,2027-12,Lynna Espinosa
5108750168972770,mastercard,83 Pearson Junction,6624,2027-05,Adiana Strongman
5048379478239120,mastercard,2 Karstens Pass,3320,2027-05,Rose Ogilvy
5108750992232000,mastercard,6 Eggendart Circle,103,2026-01,Kristofer Chasmoor
5108757878812540,mastercard,3 Grasskamp Park,8758,2024-08,Martha Stronough
5108758101759930,mastercard,40646 Lotheville Lane,4003,2027-06,Sax Pedder
5108752572667320,mastercard,4809 Lakewood Crossing,5796,2026-08,Jackie Ewebank
5048371969920670,mastercard,57746 Bartelt Terrace,9867,2026-04,Osbert Hammel
5108758231320240,mastercard,94519 Loftsgordon Center,881,2025-07,Joly Prince
5048378920255830,mastercard,6 Loeprich Plaza,197,2025-03,Ninon Landreth
5108750756445500,mastercard,70 Rowland Hill,5700,2024-07,Clementia Wilmut
5108756790928890,mastercard,91513 6th Drive,731,2027-10,Abbot Duinbleton
5108758838077490,mastercard,22 Dawn Crossing,2716,2025-05,Newton Frier
5108759529214120,mastercard,454 Pepper Wood Circle,7341,2025-11,Karolina Harewood
5108759301305890,mastercard,9 International Avenue,325,2025-03,Daryle Domleo
5108754010226110,mastercard,948 Division Drive,2926,2026-11,Elvina Chaudret
5048372639074510,mastercard,8886 4th Drive,828,2025-04,Jarvis Ridgers
5108753731311640,mastercard,9 Carberry Hill,248,2028-05,Shayne Collinwood
5048370647866810,mastercard,151 Havey Park,3583,2024-07,Brittani Hartfield
5108755515133510,mastercard,45 Dahle Terrace,5036,2026-07,Rip Karpinski
5108756893619100,mastercard,329 Sunnyside Crossing,8634,2028-01,Yankee Calderwood
5108754596478970,mastercard,480 Dorton Street,841,2026-01,Adolpho MacRonald
5108754848980210,mastercard,68 Jana Hill,7669,2025-03,Hettie Santos
5048374114608420,mastercard,732 Esker Lane,9607,2026-03,Ash Oakey
5048373357824570,mastercard,62516 Troy Terrace,277,2026-07,Leland Johnson
5108750592990780,mastercard,49 East Street,9720,2027-01,Theobald Edler
5108754786399860,mastercard,87 Burning Wood Street,5807,2025-12,Aurlie Rignoldes
5048377326173000,mastercard,3467 Hagan Circle,589,2027-08,Weider McIleen
5048370617654850,mastercard,62620 Shoshone Terrace,5000,2026-05,Leola Basey
5108757230212770,mastercard,84405 Bunting Junction,56,2026-04,Kamila Van Hesteren
5048378216230950,mastercard,9 Green Street,3557,2025-01,Sawyere Okenden
5108751461962250,mastercard,0809 Washington Alley,151,2028-01,Danella Plimmer
5108750526392660,mastercard,3 Prairie Rose Point,8731,2024-08,Stanislaus McCourt
5108750212261510,mastercard,35 Sutherland Terrace,1666,2028-03,Suellen Van der Beken
5108758108069470,mastercard,18254 Oriole Place,9381,2027-10,Perrine Mathe
5048373398209220,mastercard,083 Center Crossing,500,2024-12,Jaime McCheyne
5048377383982530,mastercard,088 Armistice Alley,955,2026-06,Winne Treswell
5048378374833660,mastercard,4780 Northfield Hill,85,2026-05,Nani Semor
5108754509727290,mastercard,0096 Mitchell Street,276,2025-05,Mario Emerine
5048370689975650,mastercard,19678 Nevada Alley,533,2026-09,Drake Medcraft
5048378773018610,mastercard,9 Washington Plaza,837,2026-12,Alaric McQuaide
5048374878097430,mastercard,0720 Butternut Junction,708,2026-09,Shannen Hebblewaite
5048379270387880,mastercard,1049 Melody Avenue,3761,2025-10,Brandie Kearford
5048377980581860,mastercard,16 Memorial Trail,882,2025-08,Joyann Panner
5048374557183550,mastercard,32 Debs Hill,542,2025-12,Chickie Zealander
5108757247428020,mastercard,482 Dakota Center,122,2027-11,Marthena Lemm
5108751879726860,mastercard,9259 Brickson Park Street,569,2026-06,Reggie Larham
5108750910167310,mastercard,1087 Hauk Street,218,2027-08,Philomena Valero
5108756404768650,mastercard,1074 Dorton Park,509,2025-07,Bernardo Ricards
5108751278853250,mastercard,9614 Shelley Place,835,2027-05,Joly Craney
5048375304953640,mastercard,7142 Hoepker Parkway,3263,2026-01,Buck Jouannot
5108759181086510,mastercard,25383 Dayton Point,1845,2026-06,Rubia Konert
5048373245245340,mastercard,4977 Warner Crossing,5273,2026-07,Marci Raynes
5048376208203100,mastercard,7407 Macpherson Parkway,657,2025-12,Vilhelmina Dye
5108757116282140,mastercard,1 Stang Alley,4315,2025-03,Jackelyn Billborough
5108755911625330,mastercard,52195 Arkansas Court,2073,2027-01,Tallou Shapero
5048377881573450,mastercard,1 Derek Alley,505,2027-12,Lyndell Cockle
5048375077580070,mastercard,856 Oakridge Circle,8586,2028-01,Suki Slayny
5108752857167890,mastercard,745 Mayfield Alley,2459,2025-06,Benedetta Stoll
5048377570490200,mastercard,1 Mariners Cove Road,858,2028-01,Erek Joanaud
5048375803693000,mastercard,5 Birchwood Avenue,233,2027-01,Tommy Gresch
5048373616456240,mastercard,9 Forest Trail,2505,2025-08,Clemmy Serchwell
5108754907236550,mastercard,4 Coleman Park,55,2026-07,Shanna Chippin
5108758524491330,mastercard,75 Maywood Hill,1820,2024-08,Andy Mower
5108750087160640,mastercard,49963 Delaware Hill,372,2025-09,Aarika Stanner
5048374499090120,mastercard,3 Northland Point,38,2027-08,Brooks Corbert
5108756861176870,mastercard,5 Elmside Parkway,67,2027-09,Lynde Southern
5108755556698740,mastercard,23 Redwing Trail,2928,2026-08,Estella Bhatia
5108750343289110,mastercard,1346 Heffernan Drive,562,2025-03,George McCutheon
5108758816755530,mastercard,9 Clemons Crossing,7353,2026-06,Hermy Proback
5108751215363820,mastercard,687 Merrick Parkway,3537,2025-07,Hilliary Couronne
5108750651186130,mastercard,2 Haas Plaza,1935,2027-02,Doe Lynock
5048377468160400,mastercard,83 Lighthouse Bay Circle,357,2026-10,Elie Ayto
5108755474546950,mastercard,948 Arapahoe Drive,730,2026-07,Lauretta Clow
5048375010492810,mastercard,1228 Gale Hill,3639,2024-09,Clyde Fonquernie
5048377419455400,mastercard,88 Armistice Lane,589,2026-06,Netti Grocock
5108756752240590,mastercard,2269 Carey Way,4469,2024-06,Daron Furlong
5108755404048290,mastercard,77776 Pleasure Junction,632,2027-09,Giorgio Beri