name,address,phone,email
Todd Gunther,1 Heath Circle,6463105227,TGunther@ftc.gov
Fianna Wallwork,104 Macpherson Point,1109842849,FWallwork@moonfruit.com
Arlena Tackle,6444 Quincy Road,2924130105,ATackle@mozilla.org
Tresa Knoller,98 Beilfuss Drive,5175102345,TKnoller@eepurl.com
Merrick Skingley,79 Duke Parkway,5678696043,MSkingley@simplemachines.org
Normy Gorman,54 Mesta Court,9691708934,NGorman@umn.edu
Lula Pettipher,730 Veith Street,3304496573,LPettipher@surveymonkey.com
Myrtice Esley,99 Sheridan Center,1541669935,MEsley@europa.eu
Benoit Plank,399 Chive Hill,9649017610,BPlank@nbcnews.com
Dulcy Foster-Smith,3 Monument Trail,9988991774,DFoster-Smith@wikia.com
Malva Delamere,16744 Kinsman Park,1657084568,MDelamere@gnu.org
Yul Le Marchand,9 Rutledge Trail,1889602683,YLe@gov.uk
Yves Hazlewood,8 Dakota Point,7657847513,YHazlewood@blogger.com
Odilia McIntosh,0 Cottonwood Street,4921591972,OMcIntosh@printfriendly.com
Mora Ekless,01934 Sugar Alley,6435391968,MEkless@census.gov
Alisa Rodman,3 Thierer Road,1903251721,ARodman@prnewswire.com
Tatum Obington,1 Goodland Junction,1784128200,TObington@independent.co.uk
Alyse Greensite,3 Namekagon Junction,8319753234,AGreensite@360.cn
Bartlet Ardley,4 Namekagon Point,9863581450,BArdley@g.co
Mathew Lauks,75287 Paget Parkway,7153613767,MLauks@canalblog.com
Brandie Challender,3396 Lakeland Drive,4633587806,BChallender@cam.ac.uk
Antonina Dabernott,38 Rutledge Point,9707524213,ADabernott@cnn.com
Lynna Espinosa,00 Lillian Way,2923594179,LEspinosa@un.org
Adiana Strongman,83 Pearson Junction,7347689294,AStrongman@pinterest.com
Rose Ogilvy,2 Karstens Pass,5063689408,ROgilvy@huffingtonpost.com
Kristofer Chasmoor,6 Eggendart Circle,4552581575,KChasmoor@nifty.com
Martha Stronough,3 Grasskamp Park,3952485774,MStronough@artisteer.com
Sax Pedder,40646 Lotheville Lane,5471442348,SPedder@hatena.ne.jp
Jackie Ewebank,4809 Lakewood Crossing,5614615906,JEwebank@hhs.gov
Osbert Hammel,57746 Bartelt Terrace,3768017521,OHammel@mozilla.org
Joly Prince,94519 Loftsgordon Center,3914614924,JPrince@fotki.com
Ninon Landreth,6 Loeprich Plaza,3901505441,NLandreth@google.com
Clementia Wilmut,70 Rowland Hill,1623483917,CWilmut@google.cn
Abbot Duinbleton,91513 6th Drive,4678120580,ADuinbleton@icio.us
Newton Frier,22 Dawn Crossing,5414916445,NFrier@google.com.br
Karolina Harewood,454 Pepper Wood Circle,4711069288,KHarewood@techcrunch.com
Daryle Domleo,9 International Avenue,4891186211,DDomleo@uiuc.edu
Elvina Chaudret,948 Division Drive,8619553970,EChaudret@nature.com
Jarvis Ridgers,8886 4th Drive,8169544025,JRidgers@yale.edu
Shayne Collinwood,9 Carberry Hill,9229976196,SCollinwood@fotki.com
Brittani Hartfield,151 Havey Park,1214432487,BHartfield@storify.com
Rip Karpinski,45 Dahle Terrace,8964841308,RKarpinski@1und1.de
Yankee Calderwood,329 Sunnyside Crossing,3677333550,YCalderwood@jalbum.net
Adolpho MacRonald,480 Dorton Street,6831982511,AMacRonald@artisteer.com
Hettie Santos,68 Jana Hill,7648428324,HSantos@spotify.com
Ash Oakey,732 Esker Lane,2938794248,AOakey@flickr.com
Leland Johnson,62516 Troy Terrace,2922443293,LJohnson@webeden.co.uk
Theobald Edler,49 East Street,9972952004,TEdler@cargocollective.com
Aurlie Rignoldes,87 Burning Wood Street,9415526432,ARignoldes@bizjournals.com
Weider McIleen,3467 Hagan Circle,3382296767,WMcIleen@about.me
Leola Basey,62620 Shoshone Terrace,7041907682,LBasey@independent.co.uk
Kamila Van Hesteren,84405 Bunting Junction,5413348508,KVan@digg.com
Sawyere Okenden,9 Green Street,5724956866,SOkenden@ehow.com
Danella Plimmer,0809 Washington Alley,1789085075,DPlimmer@dion.ne.jp
Stanislaus McCourt,3 Prairie Rose Point,7176474035,SMcCourt@ted.com
Suellen Van der Beken,35 Sutherland Terrace,4207148511,SVan@cnn.com
Perrine Mathe,18254 Oriole Place,7332018161,PMathe@bravesites.com
Jaime McCheyne,083 Center Crossing,9311914036,JMcCheyne@webs.com
Winne Treswell,088 Armistice Alley,3287582848,WTreswell@trellian.com
Nani Semor,4780 Northfield Hill,1596724098,NSemor@census.gov
Mario Emerine,0096 Mitchell Street,8914383821,MEmerine@timesonline.co.uk
Drake Medcraft,19678 Nevada Alley,7857121285,DMedcraft@cafepress.com
Alaric McQuaide,9 Washington Plaza,8215721679,AMcQuaide@goodreads.com
Shannen Hebblewaite,0720 Butternut Junction,5494118058,SHebblewaite@yellowbook.com
Brandie Kearford,1049 Melody Avenue,6945495416,BKearford@yandex.ru
Joyann Panner,16 Memorial Trail,3774965766,JPanner@mediafire.com
Chickie Zealander,32 Debs Hill,5337250309,CZealander@blinklist.com
Marthena Lemm,482 Dakota Center,5456463301,MLemm@miibeian.gov.cn
Reggie Larham,9259 Brickson Park Street,1509588666,RLarham@elegantthemes.com
Philomena Valero,1087 Hauk Street,3344948718,PValero@redcross.org
Bernardo Ricards,1074 Dorton Park,4797447319,BRicards@printfriendly.com
Joly Craney,9614 Shelley Place,3364913584,JCraney@alexa.com
Buck Jouannot,7142 Hoepker Parkway,5699299563,BJouannot@fc2.com
Rubia Konert,25383 Dayton Point,7685589419,RKonert@mozilla.org
Marci Raynes,4977 Warner Crossing,6621221370,MRaynes@com.com
Vilhelmina Dye,7407 Macpherson Parkway,9825115713,VDye@pbs.org
Jackelyn Billborough,1 Stang Alley,2091139212,JBillborough@squarespace.com
Tallou Shapero,52195 Arkansas Court,3863450005,TShapero@ibm.com
Lyndell Cockle,1 Derek Alley,8348337563,LCockle@theatlantic.com
Suki Slayny,856 Oakridge Circle,6192684106,SSlayny@theatlantic.com
Benedetta Stoll,745 Mayfield Alley,6648919576,BStoll@soundcloud.com
Erek Joanaud,1 Mariners Cove Road,4016161364,EJoanaud@photobucket.com
Tommy Gresch,5 Birchwood Avenue,8605643862,TGresch@accuweather.com
Clemmy Serchwell,9 Forest Trail,6858928477,CSerchwell@symantec.com
Shanna Chippin,4 Coleman Park,2998665718,SChippin@mysql.com
Andy Mower,75 Maywood Hill,9056356549,AMower@quantcast.com
Aarika Stanner,49963 Delaware Hill,4321134966,AStanner@elpais.com
Brooks Corbert,3 Northland Point,4074854303,BCorbert@sciencedaily.com
Lynde Southern,5 Elmside Parkway,2805092847,LSouthern@mozilla.org
Estella Bhatia,23 Redwing Trail,2369969587,EBhatia@networksolutions.com
George McCutheon,1346 Heffernan Drive,9121020611,GMcCutheon@ihg.com
Hermy Proback,9 Clemons Crossing,5831955901,HProback@howstuffworks.com
Hilliary Couronne,687 Merrick Parkway,4721555169,HCouronne@amazonaws.com
Doe Lynock,2 Haas Plaza,8031090727,DLynock@cnn.com
Elie Ayto,83 Lighthouse Bay Circle,6457762387,EAyto@163.com
Lauretta Clow,948 Arapahoe Drive,5189336740,LClow@amazon.de
Clyde Fonquernie,1228 Gale Hill,9911863193,CFonquernie@arstechnica.com
Netti Grocock,88 Armistice Lane,2602949759,NGrocock@amazon.co.jp
Daron Furlong,2269 Carey Way,7533973921,DFurlong@tamu.edu
Giorgio Beri,77776 Pleasure Junction,2049158931,GBeri@yandex.ru